Tanggal,Penayangan
2018-01-01,139
2018-01-02,233
2018-01-03,340
2018-01-04,375
2018-01-05,258
2018-01-06,276
2018-01-07,502
2018-01-08,685
2018-01-09,647
2018-01-10,659
2018-01-11,558
2018-01-12,344
2018-01-13,301
2018-01-14,657
2018-01-15,697
2018-01-16,617
2018-01-17,615
2018-01-18,542
2018-01-19,261
2018-01-20,295
2018-01-21,616
2018-01-22,635
2018-01-23,496
2018-01-24,493
2018-01-25,427
2018-01-26,277
2018-01-27,202
2018-01-28,475
2018-01-29,655
2018-01-30,657
2018-01-31,435
2018-02-01,426
2018-02-02,293
2018-02-03,204
2018-02-04,488
2018-02-05,549
2018-02-06,423
2018-02-07,355
2018-02-08,409
2018-02-09,234
2018-02-10,184
2018-02-11,438
2018-02-12,432
2018-02-13,354
2018-02-14,426
2018-02-15,132
2018-02-16,209
2018-02-17,174
2018-02-18,328
2018-02-19,466
2018-02-20,407
2018-02-21,457
2018-02-22,320
2018-02-23,189
2018-02-24,256
2018-02-25,456
2018-02-26,409
2018-02-27,434
2018-02-28,552
2018-03-01,342
2018-03-02,265
2018-03-03,259
2018-03-04,506
2018-03-05,439
2018-03-06,404
2018-03-07,515
2018-03-08,418
2018-03-09,228
2018-03-10,209
2018-03-11,353
2018-03-12,405
2018-03-13,372
2018-03-14,407
2018-03-15,326
2018-03-16,194
2018-03-17,229
2018-03-18,376
2018-03-19,512
2018-03-20,747
2018-03-21,326
2018-03-22,345
2018-03-23,250
2018-03-24,194
2018-03-25,472
2018-03-26,651
2018-03-27,424
2018-03-28,461
2018-03-29,214
2018-03-30,268
2018-03-31,220
2018-04-01,411
2018-04-02,581
2018-04-03,674
2018-04-04,498
2018-04-05,398
2018-04-06,274
2018-04-07,244
2018-04-08,363
2018-04-09,551
2018-04-10,287
2018-04-11,360
2018-04-12,344
2018-04-13,155
2018-04-14,213
2018-04-15,347
2018-04-16,462
2018-04-17,382
2018-04-18,418
2018-04-19,375
2018-04-20,268
2018-04-21,290
2018-04-22,470
2018-04-23,646
2018-04-24,375
2018-04-25,397
2018-04-26,327
2018-04-27,243
2018-04-28,236
2018-04-29,455
2018-04-30,242
2018-05-01,394
2018-05-02,429
2018-05-03,386
2018-05-04,263
2018-05-05,237
2018-05-06,364
2018-05-07,346
2018-05-08,321
2018-05-09,179
2018-05-10,329
2018-05-11,291
2018-05-12,402
2018-05-13,379
2018-05-14,302
2018-05-15,409
2018-05-16,322
2018-05-17,283
2018-05-18,315
2018-05-19,441
2018-05-20,714
2018-05-21,775
2018-05-22,620
2018-05-23,521
2018-05-24,336
2018-05-25,282
2018-05-26,184
2018-05-27,315
2018-05-28,199
2018-05-29,285
2018-05-30,229
2018-05-31,102
2018-06-01,104
2018-06-02,128
2018-06-03,227
2018-06-04,172
2018-06-05,181
2018-06-06,94
2018-06-07,75
2018-06-08,58
2018-06-09,36
2018-06-10,29
2018-06-11,61
2018-06-12,57
2018-06-13,27
2018-06-14,23
2018-06-15,22
2018-06-16,24
2018-06-17,25
2018-06-18,24
2018-06-19,27
2018-06-20,39
2018-06-21,61
2018-06-22,46
2018-06-23,64
2018-06-24,89
2018-06-25,122
2018-06-26,68
2018-06-27,72
2018-06-28,95
2018-06-29,78
2018-06-30,47
2018-07-01,92
2018-07-02,119
2018-07-03,117
2018-07-04,167
2018-07-05,124
2018-07-06,67
2018-07-07,85
2018-07-08,174
2018-07-09,162
2018-07-10,115
2018-07-11,125
2018-07-12,116
2018-07-13,86
2018-07-14,92
2018-07-15,112
2018-07-16,175
2018-07-17,290
2018-07-18,402
2018-07-19,324
2018-07-20,323
2018-07-21,239
2018-07-22,510
2018-07-23,761
2018-07-24,937
2018-07-25,1140
2018-07-26,1018
2018-07-27,726
2018-07-28,641
2018-07-29,1416
2018-07-30,1361
2018-07-31,1158
2018-08-01,1325
2018-08-02,944
2018-08-03,632
2018-08-04,437
2018-08-05,1173
2018-08-06,1170
2018-08-07,1060
2018-08-08,1195
2018-08-09,759
2018-08-10,626
2018-08-11,426
2018-08-12,986
2018-08-13,834
2018-08-14,808
2018-08-15,666
2018-08-16,241
2018-08-17,308
2018-08-18,331
2018-08-19,854
2018-08-20,780
2018-08-21,316
2018-08-22,787
2018-08-23,787
2018-08-24,513
2018-08-25,606
2018-08-26,1084
2018-08-27,1168
2018-08-28,1096
2018-08-29,1308
2018-08-30,1072
2018-08-31,564
2018-09-01,591
2018-09-02,963
2018-09-03,1028
2018-09-04,1054
2018-09-05,1013
2018-09-06,825
2018-09-07,512
2018-09-08,443
2018-09-09,1090
2018-09-10,543
2018-09-11,1174
2018-09-12,1053
2018-09-13,896
2018-09-14,683
2018-09-15,646
2018-09-16,1206
2018-09-17,1174
2018-09-18,1113
2018-09-19,1290
2018-09-20,925
2018-09-21,615
2018-09-22,566
2018-09-23,1187
2018-09-24,1202
2018-09-25,1123
2018-09-26,1178
2018-09-27,1007
2018-09-28,572
2018-09-29,583
2018-09-30,1170
2018-10-01,1312
2018-10-02,1294
2018-10-03,1248
2018-10-04,1090
2018-10-05,660
2018-10-06,659
2018-10-07,1273
2018-10-08,1247
2018-10-09,1292
2018-10-10,1342
2018-10-11,932
2018-10-12,599
2018-10-13,617
2018-10-14,1260
2018-10-15,1293
2018-10-16,1176
2018-10-17,1236
2018-10-18,1029
2018-10-19,731
2018-10-20,556
2018-10-21,1101
2018-10-22,1206
2018-10-23,1203
2018-10-24,1157
2018-10-25,963
2018-10-26,629
2018-10-27,478
2018-10-28,1087
2018-10-29,1137
2018-10-30,1210
2018-10-31,1032
2018-11-01,1015
2018-11-02,632
2018-11-03,423
2018-11-04,912
2018-11-05,955
2018-11-06,1340
2018-11-07,949
2018-11-08,794
2018-11-09,540
2018-11-10,444
2018-11-11,990
2018-11-12,1089
2018-11-13,1093
2018-11-14,1023
2018-11-15,736
2018-11-16,513
2018-11-17,421
2018-11-18,724
2018-11-19,489
2018-11-20,952
2018-11-21,1019
2018-11-22,804
2018-11-23,613
2018-11-24,712
2018-11-25,1409
2018-11-26,1192
2018-11-27,1292
2018-11-28,1167
2018-11-29,888
2018-11-30,607
2018-12-01,528
2018-12-02,1199
2018-12-03,1279
2018-12-04,988
2018-12-05,880
2018-12-06,748
2018-12-07,479
2018-12-08,402
2018-12-09,885
2018-12-10,611
2018-12-11,743
2018-12-12,590
2018-12-13,401
2018-12-14,349
2018-12-15,201
2018-12-16,339
2018-12-17,377
2018-12-18,290
2018-12-19,277
2018-12-20,282
2018-12-21,134
2018-12-22,96
2018-12-23,164
2018-12-24,96
2018-12-25,238
2018-12-26,176
2018-12-27,127
2018-12-28,118
2018-12-29,128
2018-12-30,122
2018-12-31,130
